--insert episode
insert into tbl_episode(id,name,air_date,episode_code) values (1,'Pilot','December 2, 2013','S01E01');
insert into tbl_episode(id,name,air_date,episode_code) values (2,'Lawnmower Dog','December 9, 2013','S01E02');
insert into tbl_episode(id,name,air_date,episode_code) values (3,'Anatomy Park','December 16, 2013','S01E03');
insert into tbl_episode(id,name,air_date,episode_code) values (4,'M. Night Shaym-Aliens!','January 13, 2014','S01E04');
insert into tbl_episode(id,name,air_date,episode_code) values (5,'Meeseeks and Destroy','January 20, 2014','S01E05');
insert into tbl_episode(id,name,air_date,episode_code) values (6,'Rick Potion #9','January 27, 2014','S01E06');
insert into tbl_episode(id,name,air_date,episode_code) values (7,'Raising Gazorpazorp','March 10, 2014','S01E07');
insert into tbl_episode(id,name,air_date,episode_code) values (8,'Rixty Minutes','March 17, 2014','S01E08');
insert into tbl_episode(id,name,air_date,episode_code) values (9,'Something Ricked This Way Comes','March 24, 2014','S01E09');
insert into tbl_episode(id,name,air_date,episode_code) values (10,'Close Rick-counters of the Rick Kind','April 7, 2014','S01E010');
insert into tbl_episode(id,name,air_date,episode_code) values (11,'Ricksy Business','April 14, 2014','S01E011');
insert into tbl_episode(id,name,air_date,episode_code) values (12,'A Rickle in Time','July 26, 2015','S02E01');
insert into tbl_episode(id,name,air_date,episode_code) values (13,'Mortynight Run','August 2, 2015','S02E02');
insert into tbl_episode(id,name,air_date,episode_code) values (14,'Auto Erotic Assimilation','August 9, 2015','S02E03');
insert into tbl_episode(id,name,air_date,episode_code) values (15,'Total Rickall','August 16, 2015','S02E04');
insert into tbl_episode(id,name,air_date,episode_code) values (16,'Get Schwifty','August 23, 2015','S02E05');
insert into tbl_episode(id,name,air_date,episode_code) values (17,'The Ricks Must Be Crazy','August 30, 2015','S02E06');
insert into tbl_episode(id,name,air_date,episode_code) values (18,'Big Trouble in Little Sanchez','September 13, 2015','S02E07');
insert into tbl_episode(id,name,air_date,episode_code) values (19,'Interdimensional Cable 2: Tempting Fate','September 20, 2015','S02E08');
insert into tbl_episode(id,name,air_date,episode_code) values (20,'Look Who''s Purging Now','September 27, 2015','S02E09');
insert into tbl_episode(id,name,air_date,episode_code) values (21,'The Wedding Squanchers','October 4, 2015','S02E10');
insert into tbl_episode(id,name,air_date,episode_code) values (22,'The Rickshank Rickdemption','April 1, 2017','S03E01');
insert into tbl_episode(id,name,air_date,episode_code) values (23,'Rickmancing the Stone','July 30, 2017','S03E02');
insert into tbl_episode(id,name,air_date,episode_code) values (24,'Pickle Rick','August 6, 2017','S03E03');
insert into tbl_episode(id,name,air_date,episode_code) values (25,'Vindicators 3: The Return of Worldender','August 13, 2017','S03E04');
insert into tbl_episode(id,name,air_date,episode_code) values (26,'The Whirly Dirly Conspiracy','August 20, 2017','S03E05');
insert into tbl_episode(id,name,air_date,episode_code) values (27,'Rest and Ricklaxation','August 27, 2017','S03E06');
insert into tbl_episode(id,name,air_date,episode_code) values (28,'The Ricklantis Mixup','September 10, 2017','S03E07');
insert into tbl_episode(id,name,air_date,episode_code) values (29,'Morty''s Mind Blowers','September 17, 2017','S03E08');
insert into tbl_episode(id,name,air_date,episode_code) values (30,'The ABC''s of Beth','September 24, 2017','S03E09');
insert into tbl_episode(id,name,air_date,episode_code) values (31,'The Rickchurian Mortydate','October 1, 2017','S03E10');
insert into tbl_episode(id,name,air_date,episode_code) values (32,'Edge of Tomorty: Rick, Die, Rickpeat','November 10, 2019','S04E01');
insert into tbl_episode(id,name,air_date,episode_code) values (33,'The Old Man and the Seat','November 17, 2019','S04E02');
insert into tbl_episode(id,name,air_date,episode_code) values (34,'One Crew Over the Crewcoo''s Morty','November 24, 2019','S04E03');
insert into tbl_episode(id,name,air_date,episode_code) values (35,'Claw and Hoarder: Special Ricktim''s Morty','December 8, 2019','S04E04');
insert into tbl_episode(id,name,air_date,episode_code) values (36,'Rattlestar Ricklactica','December 15, 2019','S04E05');

--insert location
insert into tbl_location(id,name,type,dimension) values (1,'Earth (C-137)','Planet','Dimension C-137');
insert into tbl_location(id,name,type,dimension) values (2,'Abadango','Cluster','unknown');
insert into tbl_location(id,name,type,dimension) values (3,'Citadel of Ricks','Space station','unknown');
insert into tbl_location(id,name,type,dimension) values (4,'Worldender''s lair','Planet','unknown');
insert into tbl_location(id,name,type,dimension) values (5,'Anatomy Park','Microverse','Dimension C-137');
insert into tbl_location(id,name,type,dimension) values (6,'Interdimensional Cable','TV','unknown');
insert into tbl_location(id,name,type,dimension) values (7,'Immortality Field Resort','Resort','unknown');
insert into tbl_location(id,name,type,dimension) values (8,'Post-Apocalyptic Earth','Planet','Post-Apocalyptic Dimension');
insert into tbl_location(id,name,type,dimension) values (9,'Purge Planet','Planet','Replacement Dimension');
insert into tbl_location(id,name,type,dimension) values (10,'Venzenulon 7','Planet','unknown');
insert into tbl_location(id,name,type,dimension) values (11,'Bepis 9','Planet','unknown');
insert into tbl_location(id,name,type,dimension) values (12,'Cronenberg Earth','Planet','Cronenberg Dimension');
insert into tbl_location(id,name,type,dimension) values (13,'Nuptia 4','Planet','unknown');
insert into tbl_location(id,name,type,dimension) values (14,'Giant''s Town','Fantasy town','Fantasy Dimension');
insert into tbl_location(id,name,type,dimension) values (15,'Bird World','Planet','unknown');
insert into tbl_location(id,name,type,dimension) values (16,'St. Gloopy Noops Hospital','Space station','unknown');
insert into tbl_location(id,name,type,dimension) values (17,'Earth (5-126)','Planet','Dimension 5-126');
insert into tbl_location(id,name,type,dimension) values (18,'Mr. Goldenfold''s dream','Dream','Dimension C-137');
insert into tbl_location(id,name,type,dimension) values (19,'Gromflom Prime','Planet','Replacement Dimension');
insert into tbl_location(id,name,type,dimension) values (20,'Earth (Replacement Dimension)','Planet','Replacement Dimension');
insert into tbl_location(id,name,type,dimension) values (21,'Testicle Monster Dimension','Dimension','Testicle Monster Dimension');

--insert character
insert into tbl_character(id,name,status,species,type,gender,origin_id,location_id,image) values (1,'Rick Sanchez','Alive','Human','','Male',1,20,'');
insert into tbl_character(id,name,status,species,type,gender,origin_id,location_id,image) values (2,'Morty Smith','Alive','Human','','Male',1,20,'');
insert into tbl_character(id,name,status,species,type,gender,origin_id,location_id,image) values (3,'Summer Smith','Alive','Human','','Female',20,20,'');
insert into tbl_character(id,name,status,species,type,gender,origin_id,location_id,image) values (4,'Beth Smith','Alive','Human','','Female',20,20,'');
insert into tbl_character(id,name,status,species,type,gender,origin_id,location_id,image) values (5,'Jerry Smith','Alive','Human','','Male',20,20,'');
insert into tbl_character(id,name,status,species,type,gender,origin_id,location_id,image) values (6,'Abadango Cluster Princess','Alive','Alien','Female','',2,2,'');
insert into tbl_character(id,name,status,species,type,gender,origin_id,location_id,image) values (7,'Abradolf Lincler','unknown','Human','Genetic experiment','Male',20,21,'');
insert into tbl_character(id,name,status,species,type,gender,origin_id,location_id,image) values (8,'Adjudicator Rick','Dead','Human','','Male',null,3,'');
insert into tbl_character(id,name,status,species,type,gender,origin_id,location_id,image) values (9,'Agency Director','Dead','Human','','Male',20,20,'');
insert into tbl_character(id,name,status,species,type,gender,origin_id,location_id,image) values (10,'Alan Rails','Dead','Human','Superhuman (Ghost trains summoner)','Male',null,4,'');
insert into tbl_character(id,name,status,species,type,gender,origin_id,location_id,image) values (11,'Albert Einstein','Dead','Human','','Male',1,20,'');
insert into tbl_character(id,name,status,species,type,gender,origin_id,location_id,image) values (12,'Alexander','Dead','Human','Male','',1,5,'');
insert into tbl_character(id,name,status,species,type,gender,origin_id,location_id,image) values (13,'Alien Googah','unknown','Alien','','unknown',null,20,'');
insert into tbl_character(id,name,status,species,type,gender,origin_id,location_id,image) values (14,'Alien Morty','unknown','Alien','','Male',null,3,'');
insert into tbl_character(id,name,status,species,type,gender,origin_id,location_id,image) values (15,'Alien Rick','unknown','Alien','','Male',null,3,'');
insert into tbl_character(id,name,status,species,type,gender,origin_id,location_id,image) values (16,'Amish Cyborg','Dead','Alien','Parasite, Cyborg','Male',null,20,'');
insert into tbl_character(id,name,status,species,type,gender,origin_id,location_id,image) values (17,'Annie','Alive','Human','','Female',1,5,'');
insert into tbl_character(id,name,status,species,type,gender,origin_id,location_id,image) values (18,'Antenna Morty','Alive','Human','Human with antennae','Male',null,3,'');
insert into tbl_character(id,name,status,species,type,gender,origin_id,location_id,image) values (19,'Antenna Rick','unknown','Human','Human with antennae','Male',null,null,'');
insert into tbl_character(id,name,status,species,type,gender,origin_id,location_id,image) values (20,'Ants in my Eyes Johnson','unknown','Human','Human with ants in his eyes','Male',null,6,'');

--insert tbl_char_episode
insert into tbl_char_episode(character_id,episode_id) values (1,1);
insert into tbl_char_episode(character_id,episode_id) values (1,2);
insert into tbl_char_episode(character_id,episode_id) values (1,3);
insert into tbl_char_episode(character_id,episode_id) values (1,4);
insert into tbl_char_episode(character_id,episode_id) values (1,5);
insert into tbl_char_episode(character_id,episode_id) values (1,6);
insert into tbl_char_episode(character_id,episode_id) values (1,7);
insert into tbl_char_episode(character_id,episode_id) values (1,8);
insert into tbl_char_episode(character_id,episode_id) values (1,9);
insert into tbl_char_episode(character_id,episode_id) values (1,10);
insert into tbl_char_episode(character_id,episode_id) values (1,11);
insert into tbl_char_episode(character_id,episode_id) values (1,12);
insert into tbl_char_episode(character_id,episode_id) values (1,13);
insert into tbl_char_episode(character_id,episode_id) values (1,14);
insert into tbl_char_episode(character_id,episode_id) values (1,15);
insert into tbl_char_episode(character_id,episode_id) values (1,16);
insert into tbl_char_episode(character_id,episode_id) values (1,17);
insert into tbl_char_episode(character_id,episode_id) values (1,18);
insert into tbl_char_episode(character_id,episode_id) values (1,19);
insert into tbl_char_episode(character_id,episode_id) values (1,20);
insert into tbl_char_episode(character_id,episode_id) values (1,21);
insert into tbl_char_episode(character_id,episode_id) values (1,22);
insert into tbl_char_episode(character_id,episode_id) values (1,23);
insert into tbl_char_episode(character_id,episode_id) values (1,24);
insert into tbl_char_episode(character_id,episode_id) values (1,25);
insert into tbl_char_episode(character_id,episode_id) values (1,26);
insert into tbl_char_episode(character_id,episode_id) values (1,27);
insert into tbl_char_episode(character_id,episode_id) values (1,28);
insert into tbl_char_episode(character_id,episode_id) values (1,29);
insert into tbl_char_episode(character_id,episode_id) values (1,30);
insert into tbl_char_episode(character_id,episode_id) values (1,31);
insert into tbl_char_episode(character_id,episode_id) values (1,32);
insert into tbl_char_episode(character_id,episode_id) values (1,33);
insert into tbl_char_episode(character_id,episode_id) values (1,34);
insert into tbl_char_episode(character_id,episode_id) values (1,35);
insert into tbl_char_episode(character_id,episode_id) values (1,36);
insert into tbl_char_episode(character_id,episode_id) values (2,1);
insert into tbl_char_episode(character_id,episode_id) values (2,2);
insert into tbl_char_episode(character_id,episode_id) values (2,3);
insert into tbl_char_episode(character_id,episode_id) values (2,4);
insert into tbl_char_episode(character_id,episode_id) values (2,5);
insert into tbl_char_episode(character_id,episode_id) values (2,6);
insert into tbl_char_episode(character_id,episode_id) values (2,7);
insert into tbl_char_episode(character_id,episode_id) values (2,8);
insert into tbl_char_episode(character_id,episode_id) values (2,9);
insert into tbl_char_episode(character_id,episode_id) values (2,10);
insert into tbl_char_episode(character_id,episode_id) values (2,11);
insert into tbl_char_episode(character_id,episode_id) values (2,12);
insert into tbl_char_episode(character_id,episode_id) values (2,13);
insert into tbl_char_episode(character_id,episode_id) values (2,14);
insert into tbl_char_episode(character_id,episode_id) values (2,15);
insert into tbl_char_episode(character_id,episode_id) values (2,16);
insert into tbl_char_episode(character_id,episode_id) values (2,17);
insert into tbl_char_episode(character_id,episode_id) values (2,18);
insert into tbl_char_episode(character_id,episode_id) values (2,19);
insert into tbl_char_episode(character_id,episode_id) values (2,20);
insert into tbl_char_episode(character_id,episode_id) values (2,21);
insert into tbl_char_episode(character_id,episode_id) values (2,22);
insert into tbl_char_episode(character_id,episode_id) values (2,23);
insert into tbl_char_episode(character_id,episode_id) values (2,24);
insert into tbl_char_episode(character_id,episode_id) values (2,25);
insert into tbl_char_episode(character_id,episode_id) values (2,26);
insert into tbl_char_episode(character_id,episode_id) values (2,27);
insert into tbl_char_episode(character_id,episode_id) values (2,28);
insert into tbl_char_episode(character_id,episode_id) values (2,29);
insert into tbl_char_episode(character_id,episode_id) values (2,30);
insert into tbl_char_episode(character_id,episode_id) values (2,31);
insert into tbl_char_episode(character_id,episode_id) values (2,32);
insert into tbl_char_episode(character_id,episode_id) values (2,33);
insert into tbl_char_episode(character_id,episode_id) values (2,34);
insert into tbl_char_episode(character_id,episode_id) values (2,35);
insert into tbl_char_episode(character_id,episode_id) values (2,36);